"expr","time","inits"
"Monotonic_0",1609032659,5
"Monotonic_0",1101221583,5
"Monotonic_0",1268746025,5
"Monotonic_0",1311297219,5
"Monotonic_0",1163037283,5
"Monotonic_0",1236979717,5
"Monotonic_0",1335866715,5
"Monotonic_0",1201093606,5
"Monotonic_0",1214663048,5
"Monotonic_0",1301356154,5
"Monotonic_0",12631526,10
"Monotonic_0",13512206,10
"Monotonic_0",14776769,10
"Monotonic_0",12617176,10
"Monotonic_0",13890267,10
"Monotonic_0",13840452,10
"Monotonic_0",13366697,10
"Monotonic_0",13261819,10
"Monotonic_0",15196240,10
"Monotonic_0",11946047,10
"Monotonic_0",10402684,15
"Monotonic_0",10006870,15
"Monotonic_0",10370540,15
"Monotonic_0",12721439,15
"Monotonic_0",10249016,15
"Monotonic_0",10381405,15
"Monotonic_0",12689254,15
"Monotonic_0",10417526,15
"Monotonic_0",9673663,15
"Monotonic_0",12334440,15
"Monotonic_0",15502469,20
"Monotonic_0",15836742,20
"Monotonic_0",17223936,20
"Monotonic_0",15353680,20
"Monotonic_0",16572487,20
"Monotonic_0",15792544,20
"Monotonic_0",18917277,20
"Monotonic_0",14869019,20
"Monotonic_0",16265766,20
"Monotonic_0",15027894,20
"Monotonic_0",614090579,25
"Monotonic_0",622582499,25
"Monotonic_0",658091164,25
"Monotonic_0",686600842,25
"Monotonic_0",705597208,25
"Monotonic_0",729637517,25
"Monotonic_0",728792466,25
"Monotonic_0",659327560,25
"Monotonic_0",625070707,25
"Monotonic_0",672084710,25
"Monotonic_0",21160879,30
"Monotonic_0",23425760,30
"Monotonic_0",19746871,30
"Monotonic_0",21284740,30
"Monotonic_0",19971674,30
"Monotonic_0",20925457,30
"Monotonic_0",21197779,30
"Monotonic_0",20463346,30
"Monotonic_0",21624753,30
"Monotonic_0",19850847,30
"Monotonic_0",7388405,35
"Monotonic_0",7146997,35
"Monotonic_0",6643763,35
"Monotonic_0",7378319,35
"Monotonic_0",8013081,35
"Monotonic_0",7194270,35
"Monotonic_0",6695423,35
"Monotonic_0",6824122,35
"Monotonic_0",7479753,35
"Monotonic_0",9522045,35
"Monotonic_0",24840219,40
"Monotonic_0",26781036,40
"Monotonic_0",23798901,40
"Monotonic_0",26024750,40
"Monotonic_0",27645480,40
"Monotonic_0",24687658,40
"Monotonic_0",26972834,40
"Monotonic_0",27412477,40
"Monotonic_0",24228868,40
"Monotonic_0",26848112,40
"Monotonic_0",10921826,45
"Monotonic_0",10143687,45
"Monotonic_0",11195911,45
"Monotonic_0",13513805,45
"Monotonic_0",9883829,45
"Monotonic_0",10295633,45
"Monotonic_0",10436919,45
"Monotonic_0",11707632,45
"Monotonic_0",10783656,45
"Monotonic_0",10714817,45
"Monotonic_0",3281517,50
"Monotonic_0",2558974,50
"Monotonic_0",2332490,50
"Monotonic_0",2413916,50
"Monotonic_0",2574718,50
"Monotonic_0",2465289,50
"Monotonic_0",2607764,50
"Monotonic_0",2980946,50
"Monotonic_0",2587551,50
"Monotonic_0",2427364,50
"Monotonic_0.5",8944293951,5
"Monotonic_0.5",9237114229,5
"Monotonic_0.5",8602745952,5
"Monotonic_0.5",8531065324,5
"Monotonic_0.5",8533374034,5
"Monotonic_0.5",8748480698,5
"Monotonic_0.5",8595210521,5
"Monotonic_0.5",9125053849,5
"Monotonic_0.5",9630053924,5
"Monotonic_0.5",9507287296,5
"Monotonic_0.5",7999999253,10
"Monotonic_0.5",8305328098,10
"Monotonic_0.5",7681569801,10
"Monotonic_0.5",8047471062,10
"Monotonic_0.5",7527517590,10
"Monotonic_0.5",8234911254,10
"Monotonic_0.5",7599905427,10
"Monotonic_0.5",7479336071,10
"Monotonic_0.5",7936376683,10
"Monotonic_0.5",7697997107,10
"Monotonic_0.5",5472090625,15
"Monotonic_0.5",5572070314,15
"Monotonic_0.5",5438912113,15
"Monotonic_0.5",5608125427,15
"Monotonic_0.5",5589525285,15
"Monotonic_0.5",5519718931,15
"Monotonic_0.5",6132591851,15
"Monotonic_0.5",5790917982,15
"Monotonic_0.5",6003754640,15
"Monotonic_0.5",6441493190,15
"Monotonic_0.5",2038949188,20
"Monotonic_0.5",2116032755,20
"Monotonic_0.5",2592536026,20
"Monotonic_0.5",2687345902,20
"Monotonic_0.5",2590520548,20
"Monotonic_0.5",2598209155,20
"Monotonic_0.5",2314094612,20
"Monotonic_0.5",2227780223,20
"Monotonic_0.5",2124158709,20
"Monotonic_0.5",2157352842,20
"Monotonic_0.5",4372676609,25
"Monotonic_0.5",4862916438,25
"Monotonic_0.5",4441639388,25
"Monotonic_0.5",3721243189,25
"Monotonic_0.5",4171800102,25
"Monotonic_0.5",4349464992,25
"Monotonic_0.5",4593572555,25
"Monotonic_0.5",4285400852,25
"Monotonic_0.5",3927136251,25
"Monotonic_0.5",3726522226,25
"Monotonic_0.5",4285485025,30
"Monotonic_0.5",4314291584,30
"Monotonic_0.5",4312547403,30
"Monotonic_0.5",4330298599,30
"Monotonic_0.5",4315225892,30
"Monotonic_0.5",4330688591,30
"Monotonic_0.5",4360549752,30
"Monotonic_0.5",4336483326,30
"Monotonic_0.5",4359473625,30
"Monotonic_0.5",4358297827,30
"Monotonic_0.5",2076869637,35
"Monotonic_0.5",2184482214,35
"Monotonic_0.5",2109291371,35
"Monotonic_0.5",2236331429,35
"Monotonic_0.5",2091623446,35
"Monotonic_0.5",2256674727,35
"Monotonic_0.5",2063280761,35
"Monotonic_0.5",2228695835,35
"Monotonic_0.5",2078759778,35
"Monotonic_0.5",2223626554,35
"Monotonic_0.5",4009135882,40
"Monotonic_0.5",4065115970,40
"Monotonic_0.5",4078299889,40
"Monotonic_0.5",4077902722,40
"Monotonic_0.5",4060101301,40
"Monotonic_0.5",4094192063,40
"Monotonic_0.5",4076815361,40
"Monotonic_0.5",4071254859,40
"Monotonic_0.5",4096057768,40
"Monotonic_0.5",4073186779,40
"Monotonic_0.5",1993384658,45
"Monotonic_0.5",2049876467,45
"Monotonic_0.5",2122586523,45
"Monotonic_0.5",2157191917,45
"Monotonic_0.5",2028699598,45
"Monotonic_0.5",2153804210,45
"Monotonic_0.5",2024044540,45
"Monotonic_0.5",2123086559,45
"Monotonic_0.5",2082982901,45
"Monotonic_0.5",2079204423,45
"Monotonic_0.5",4409414167,50
"Monotonic_0.5",4629206229,50
"Monotonic_0.5",4589880423,50
"Monotonic_0.5",4618613100,50
"Monotonic_0.5",4737285509,50
"Monotonic_0.5",4564566531,50
"Monotonic_0.5",4561748109,50
"Monotonic_0.5",4572255302,50
"Monotonic_0.5",4582806488,50
"Monotonic_0.5",4603018012,50
"Monotonic_1",16825479058,5
"Monotonic_1",17067229490,5
"Monotonic_1",17074559716,5
"Monotonic_1",17358183366,5
"Monotonic_1",17926245213,5
"Monotonic_1",17229715073,5
"Monotonic_1",17568589257,5
"Monotonic_1",17715271759,5
"Monotonic_1",18614293478,5
"Monotonic_1",17648408467,5
"Monotonic_1",18553532585,10
"Monotonic_1",18472378456,10
"Monotonic_1",18155091879,10
"Monotonic_1",18809662988,10
"Monotonic_1",18378101498,10
"Monotonic_1",18726673781,10
"Monotonic_1",19079918588,10
"Monotonic_1",19026940397,10
"Monotonic_1",18244525097,10
"Monotonic_1",18236078974,10
"Monotonic_1",17963984565,15
"Monotonic_1",18393447429,15
"Monotonic_1",18615234551,15
"Monotonic_1",18462537267,15
"Monotonic_1",18241963663,15
"Monotonic_1",17846233467,15
"Monotonic_1",17651153868,15
"Monotonic_1",17646366011,15
"Monotonic_1",17761827505,15
"Monotonic_1",17820732123,15
"Monotonic_1",19522103670,20
"Monotonic_1",19733659734,20
"Monotonic_1",19663346948,20
"Monotonic_1",19760644909,20
"Monotonic_1",19631993592,20
"Monotonic_1",19658204482,20
"Monotonic_1",19665571608,20
"Monotonic_1",19650523296,20
"Monotonic_1",19740522150,20
"Monotonic_1",19576613334,20
"Monotonic_1",23867006305,25
"Monotonic_1",24104124393,25
"Monotonic_1",23998394495,25
"Monotonic_1",24206894583,25
"Monotonic_1",24313833776,25
"Monotonic_1",25468060528,25
"Monotonic_1",25540925851,25
"Monotonic_1",25736721269,25
"Monotonic_1",23877773766,25
"Monotonic_1",23138111544,25
"Monotonic_1",33695047835,30
"Monotonic_1",33901975245,30
"Monotonic_1",33639094274,30
"Monotonic_1",33592809292,30
"Monotonic_1",33631231991,30
"Monotonic_1",33620183270,30
"Monotonic_1",33658309908,30
"Monotonic_1",33718089138,30
"Monotonic_1",33708230032,30
"Monotonic_1",33711704823,30
"Monotonic_1",20180269659,35
"Monotonic_1",20612169030,35
"Monotonic_1",20220858470,35
"Monotonic_1",20145646799,35
"Monotonic_1",20260959996,35
"Monotonic_1",20115567354,35
"Monotonic_1",20182750118,35
"Monotonic_1",20186819532,35
"Monotonic_1",20965617853,35
"Monotonic_1",20854227372,35
"Monotonic_1",20376534404,40
"Monotonic_1",20524930870,40
"Monotonic_1",20364571137,40
"Monotonic_1",20168461659,40
"Monotonic_1",20010448766,40
"Monotonic_1",20122975603,40
"Monotonic_1",20021513231,40
"Monotonic_1",20072449786,40
"Monotonic_1",20176076712,40
"Monotonic_1",20648145341,40
"Monotonic_1",26725830402,45
"Monotonic_1",27194060160,45
"Monotonic_1",27326871829,45
"Monotonic_1",26554608129,45
"Monotonic_1",27186236089,45
"Monotonic_1",28838967245,45
"Monotonic_1",27332961149,45
"Monotonic_1",28187385897,45
"Monotonic_1",27462061539,45
"Monotonic_1",26963486492,45
"Monotonic_1",36287222897,50
"Monotonic_1",36055583024,50
"Monotonic_1",35434591243,50
"Monotonic_1",35563577694,50
"Monotonic_1",35380236764,50
"Monotonic_1",35553888984,50
"Monotonic_1",36128905210,50
"Monotonic_1",35585295312,50
"Monotonic_1",36642696546,50
"Monotonic_1",35617166375,50
"Skinny_0",16800143682,5
"Skinny_0",16977337031,5
"Skinny_0",16861625273,5
"Skinny_0",16901306959,5
"Skinny_0",16956879138,5
"Skinny_0",17461443383,5
"Skinny_0",16944547158,5
"Skinny_0",16663187733,5
"Skinny_0",16461915166,5
"Skinny_0",16889189081,5
"Skinny_0",22615879661,10
"Skinny_0",22511059799,10
"Skinny_0",22472663012,10
"Skinny_0",21620358579,10
"Skinny_0",21697441162,10
"Skinny_0",21554131525,10
"Skinny_0",21824781545,10
"Skinny_0",21681052314,10
"Skinny_0",21887295680,10
"Skinny_0",21948536806,10
"Skinny_0",14831606582,15
"Skinny_0",14989909919,15
"Skinny_0",14962261815,15
"Skinny_0",15112910206,15
"Skinny_0",14928474248,15
"Skinny_0",15013455276,15
"Skinny_0",14995229874,15
"Skinny_0",15219065397,15
"Skinny_0",15203447800,15
"Skinny_0",15764931812,15
"Skinny_0",17250031680,20
"Skinny_0",17153551423,20
"Skinny_0",18109248508,20
"Skinny_0",17088711112,20
"Skinny_0",17042227977,20
"Skinny_0",17082441597,20
"Skinny_0",17077326273,20
"Skinny_0",17574381696,20
"Skinny_0",17082494282,20
"Skinny_0",17085379165,20
"Skinny_0",30796501544,25
"Skinny_0",30203950889,25
"Skinny_0",30078889122,25
"Skinny_0",30047333964,25
"Skinny_0",30213799130,25
"Skinny_0",29506949249,25
"Skinny_0",29574202492,25
"Skinny_0",29480267433,25
"Skinny_0",29519780650,25
"Skinny_0",29487805652,25
"Skinny_0",33507994642,30
"Skinny_0",33572551110,30
"Skinny_0",33519411502,30
"Skinny_0",33621450129,30
"Skinny_0",33577508051,30
"Skinny_0",33550889744,30
"Skinny_0",33589237126,30
"Skinny_0",33588328156,30
"Skinny_0",33482183543,30
"Skinny_0",33531019668,30
"Skinny_0",23377049663,35
"Skinny_0",23415682446,35
"Skinny_0",23447637149,35
"Skinny_0",23446401163,35
"Skinny_0",23447938171,35
"Skinny_0",23414735346,35
"Skinny_0",23411993512,35
"Skinny_0",23419304468,35
"Skinny_0",23421783820,35
"Skinny_0",23417457008,35
"Skinny_0",16488710921,40
"Skinny_0",16600976260,40
"Skinny_0",16630612536,40
"Skinny_0",16692664478,40
"Skinny_0",16661310712,40
"Skinny_0",16737655951,40
"Skinny_0",16582138195,40
"Skinny_0",16593287940,40
"Skinny_0",16605394092,40
"Skinny_0",16621331284,40
"Skinny_0",14667321550,45
"Skinny_0",14672731213,45
"Skinny_0",14746306779,45
"Skinny_0",14736038083,45
"Skinny_0",14692856760,45
"Skinny_0",14747999669,45
"Skinny_0",14707107704,45
"Skinny_0",14718107266,45
"Skinny_0",14761006714,45
"Skinny_0",14694452890,45
"Skinny_0",24135334987,50
"Skinny_0",24234951990,50
"Skinny_0",24198648294,50
"Skinny_0",24301174329,50
"Skinny_0",24205766591,50
"Skinny_0",24241992223,50
"Skinny_0",24590941788,50
"Skinny_0",24177235470,50
"Skinny_0",24123408046,50
"Skinny_0",24172190871,50
"Skinny_0.5",5511706260,5
"Skinny_0.5",5649272084,5
"Skinny_0.5",5569323765,5
"Skinny_0.5",5634579283,5
"Skinny_0.5",5583481762,5
"Skinny_0.5",5602618512,5
"Skinny_0.5",5635086658,5
"Skinny_0.5",5583621572,5
"Skinny_0.5",5655543731,5
"Skinny_0.5",5552654354,5
"Skinny_0.5",2520119981,10
"Skinny_0.5",2646868160,10
"Skinny_0.5",2589686567,10
"Skinny_0.5",2624498355,10
"Skinny_0.5",2666628643,10
"Skinny_0.5",2603657932,10
"Skinny_0.5",2607887574,10
"Skinny_0.5",2646051440,10
"Skinny_0.5",2640812255,10
"Skinny_0.5",2596941681,10
"Skinny_0.5",2487161024,15
"Skinny_0.5",2648867279,15
"Skinny_0.5",2537145313,15
"Skinny_0.5",2573009653,15
"Skinny_0.5",2619928249,15
"Skinny_0.5",2591086348,15
"Skinny_0.5",2567248661,15
"Skinny_0.5",2615599879,15
"Skinny_0.5",2770740886,15
"Skinny_0.5",2545250439,15
"Skinny_0.5",1310361804,20
"Skinny_0.5",1305349677,20
"Skinny_0.5",1355057421,20
"Skinny_0.5",1376250854,20
"Skinny_0.5",1314890131,20
"Skinny_0.5",1365212260,20
"Skinny_0.5",1356767859,20
"Skinny_0.5",1326337208,20
"Skinny_0.5",1371707111,20
"Skinny_0.5",1333514422,20
"Skinny_0.5",1973208681,25
"Skinny_0.5",1996011979,25
"Skinny_0.5",2035732492,25
"Skinny_0.5",2003439047,25
"Skinny_0.5",2042736194,25
"Skinny_0.5",1994038649,25
"Skinny_0.5",2051667552,25
"Skinny_0.5",1984286676,25
"Skinny_0.5",2061848344,25
"Skinny_0.5",1978610800,25
"Skinny_0.5",1496765229,30
"Skinny_0.5",1542328611,30
"Skinny_0.5",1545238545,30
"Skinny_0.5",1595535172,30
"Skinny_0.5",1536552039,30
"Skinny_0.5",1565564787,30
"Skinny_0.5",1583365716,30
"Skinny_0.5",1524511487,30
"Skinny_0.5",1586794833,30
"Skinny_0.5",1548841010,30
"Skinny_0.5",615946444,35
"Skinny_0.5",636490519,35
"Skinny_0.5",645200067,35
"Skinny_0.5",661969764,35
"Skinny_0.5",645340082,35
"Skinny_0.5",622360074,35
"Skinny_0.5",643220095,35
"Skinny_0.5",651927839,35
"Skinny_0.5",662593579,35
"Skinny_0.5",676898438,35
"Skinny_0.5",901700659,40
"Skinny_0.5",932261526,40
"Skinny_0.5",935944843,40
"Skinny_0.5",952229797,40
"Skinny_0.5",970798779,40
"Skinny_0.5",896730352,40
"Skinny_0.5",927826433,40
"Skinny_0.5",957889683,40
"Skinny_0.5",957991117,40
"Skinny_0.5",933108012,40
"Skinny_0.5",1351581892,45
"Skinny_0.5",1405087466,45
"Skinny_0.5",1420893827,45
"Skinny_0.5",1371108183,45
"Skinny_0.5",1419244233,45
"Skinny_0.5",1443243542,45
"Skinny_0.5",1357412748,45
"Skinny_0.5",1412293708,45
"Skinny_0.5",1442928785,45
"Skinny_0.5",1360322518,45
"Skinny_0.5",800813722,50
"Skinny_0.5",838086617,50
"Skinny_0.5",838634377,50
"Skinny_0.5",857311640,50
"Skinny_0.5",812022179,50
"Skinny_0.5",835278937,50
"Skinny_0.5",852499306,50
"Skinny_0.5",858500763,50
"Skinny_0.5",883294570,50
"Skinny_0.5",803228212,50
"Skinny_1",6695046948,5
"Skinny_1",6701807766,5
"Skinny_1",6718193949,5
"Skinny_1",6758600638,5
"Skinny_1",6767507355,5
"Skinny_1",6693974675,5
"Skinny_1",6725987434,5
"Skinny_1",6744369292,5
"Skinny_1",6784277790,5
"Skinny_1",6694386520,5
"Skinny_1",15261287812,10
"Skinny_1",15363972599,10
"Skinny_1",15348102934,10
"Skinny_1",15363124309,10
"Skinny_1",15384933685,10
"Skinny_1",15345076314,10
"Skinny_1",15350941528,10
"Skinny_1",15372584485,10
"Skinny_1",15359096592,10
"Skinny_1",15489158514,10
"Skinny_1",9664888754,15
"Skinny_1",10111448782,15
"Skinny_1",9752323427,15
"Skinny_1",9662266886,15
"Skinny_1",9759389818,15
"Skinny_1",9642121782,15
"Skinny_1",9799732506,15
"Skinny_1",9684608729,15
"Skinny_1",9776153078,15
"Skinny_1",9718783336,15
"Skinny_1",8677480752,20
"Skinny_1",8797798901,20
"Skinny_1",8741188889,20
"Skinny_1",8776764630,20
"Skinny_1",8789263439,20
"Skinny_1",8781230309,20
"Skinny_1",8774015334,20
"Skinny_1",8769706275,20
"Skinny_1",8746183509,20
"Skinny_1",8791502613,20
"Skinny_1",14560139801,25
"Skinny_1",14672354833,25
"Skinny_1",14598482181,25
"Skinny_1",14656579140,25
"Skinny_1",14595519398,25
"Skinny_1",14674219390,25
"Skinny_1",14591606276,25
"Skinny_1",14679337584,25
"Skinny_1",14692532819,25
"Skinny_1",14798089533,25
"Skinny_1",17352885182,30
"Skinny_1",17342271307,30
"Skinny_1",17381091173,30
"Skinny_1",17376538984,30
"Skinny_1",17297812998,30
"Skinny_1",17328684727,30
"Skinny_1",17347212627,30
"Skinny_1",17839172980,30
"Skinny_1",17373467428,30
"Skinny_1",17346975852,30
"Skinny_1",3730026947,35
"Skinny_1",3781370345,35
"Skinny_1",3753805635,35
"Skinny_1",3767089553,35
"Skinny_1",3756750050,35
"Skinny_1",3759904918,35
"Skinny_1",3759254576,35
"Skinny_1",3755773594,35
"Skinny_1",3764320659,35
"Skinny_1",3762963477,35
"Skinny_1",14458353898,40
"Skinny_1",14614255455,40
"Skinny_1",14526044406,40
"Skinny_1",14619318135,40
"Skinny_1",14541409402,40
"Skinny_1",14629592407,40
"Skinny_1",14515452220,40
"Skinny_1",14499340122,40
"Skinny_1",14653354203,40
"Skinny_1",14517998935,40
"Skinny_1",17008826097,45
"Skinny_1",17084875234,45
"Skinny_1",17080469169,45
"Skinny_1",17075739040,45
"Skinny_1",17098118398,45
"Skinny_1",17051894957,45
"Skinny_1",17062986974,45
"Skinny_1",17070408507,45
"Skinny_1",17062884556,45
"Skinny_1",17116189845,45
"Skinny_1",19418519261,50
"Skinny_1",19449173198,50
"Skinny_1",19544220423,50
"Skinny_1",19538314947,50
"Skinny_1",19467914052,50
"Skinny_1",19637166070,50
"Skinny_1",19451530329,50
"Skinny_1",19501707277,50
"Skinny_1",19441969006,50
"Skinny_1",19483446861,50
"Sparse_0",14687902074,5
"Sparse_0",14771108499,5
"Sparse_0",14758012074,5
"Sparse_0",14769732703,5
"Sparse_0",14768577487,5
"Sparse_0",14773030661,5
"Sparse_0",14790724621,5
"Sparse_0",14798506339,5
"Sparse_0",14792838130,5
"Sparse_0",14814034679,5
"Sparse_0",14601206139,10
"Sparse_0",14699264978,10
"Sparse_0",14780083276,10
"Sparse_0",14764026979,10
"Sparse_0",14727308609,10
"Sparse_0",14820403373,10
"Sparse_0",14684133518,10
"Sparse_0",14693546667,10
"Sparse_0",14686155925,10
"Sparse_0",14766835479,10
"Sparse_0",16305195413,15
"Sparse_0",16412659242,15
"Sparse_0",16406356886,15
"Sparse_0",16292478238,15
"Sparse_0",16355440175,15
"Sparse_0",16322504998,15
"Sparse_0",16311897396,15
"Sparse_0",16386558273,15
"Sparse_0",16362801028,15
"Sparse_0",16322348624,15
"Sparse_0",11489588711,20
"Sparse_0",11602761667,20
"Sparse_0",11601705548,20
"Sparse_0",11604459887,20
"Sparse_0",11613228885,20
"Sparse_0",11601447043,20
"Sparse_0",11579517455,20
"Sparse_0",11584809653,20
"Sparse_0",11612837253,20
"Sparse_0",11601803169,20
"Sparse_0",14348056682,25
"Sparse_0",14395124477,25
"Sparse_0",14430953926,25
"Sparse_0",14433010240,25
"Sparse_0",14401464143,25
"Sparse_0",14472410010,25
"Sparse_0",14384214090,25
"Sparse_0",14444648582,25
"Sparse_0",14438390137,25
"Sparse_0",14399478964,25
"Sparse_0",17486822916,30
"Sparse_0",17601317220,30
"Sparse_0",17592534897,30
"Sparse_0",17619312243,30
"Sparse_0",17592483647,30
"Sparse_0",17620549213,30
"Sparse_0",17621524890,30
"Sparse_0",17605552971,30
"Sparse_0",17681334870,30
"Sparse_0",17633730713,30
"Sparse_0",10251380019,35
"Sparse_0",10250886543,35
"Sparse_0",10327401112,35
"Sparse_0",10278677778,35
"Sparse_0",10268237948,35
"Sparse_0",10332781214,35
"Sparse_0",10252607436,35
"Sparse_0",10311298362,35
"Sparse_0",10312043578,35
"Sparse_0",10267751565,35
"Sparse_0",10891379605,40
"Sparse_0",10933971922,40
"Sparse_0",10930593153,40
"Sparse_0",11004710616,40
"Sparse_0",10935180889,40
"Sparse_0",10948229836,40
"Sparse_0",11031519450,40
"Sparse_0",10948520444,40
"Sparse_0",10964446279,40
"Sparse_0",10994078701,40
"Sparse_0",11595638122,45
"Sparse_0",11625870661,45
"Sparse_0",11667922885,45
"Sparse_0",11613296576,45
"Sparse_0",11621777795,45
"Sparse_0",11676166345,45
"Sparse_0",11618660319,45
"Sparse_0",11617181859,45
"Sparse_0",11679248602,45
"Sparse_0",11980252070,45
"Sparse_0",16219693357,50
"Sparse_0",15893860084,50
"Sparse_0",15927906566,50
"Sparse_0",15836692636,50
"Sparse_0",15936029404,50
"Sparse_0",15863672317,50
"Sparse_0",15917962713,50
"Sparse_0",15873511005,50
"Sparse_0",15902521211,50
"Sparse_0",15895827346,50
"Sparse_0.5",9732984465,5
"Sparse_0.5",9819302872,5
"Sparse_0.5",9764162587,5
"Sparse_0.5",9826781108,5
"Sparse_0.5",9770029523,5
"Sparse_0.5",10051438558,5
"Sparse_0.5",10117166724,5
"Sparse_0.5",9954723289,5
"Sparse_0.5",9944933391,5
"Sparse_0.5",9827378273,5
"Sparse_0.5",11567710480,10
"Sparse_0.5",11578669780,10
"Sparse_0.5",11599213568,10
"Sparse_0.5",11612812735,10
"Sparse_0.5",11611478472,10
"Sparse_0.5",11775324025,10
"Sparse_0.5",11946286317,10
"Sparse_0.5",11799716360,10
"Sparse_0.5",11619414309,10
"Sparse_0.5",11891251607,10
"Sparse_0.5",7767924944,15
"Sparse_0.5",7796384315,15
"Sparse_0.5",7767199613,15
"Sparse_0.5",7954320128,15
"Sparse_0.5",7799118974,15
"Sparse_0.5",7844633402,15
"Sparse_0.5",7773508611,15
"Sparse_0.5",7786919957,15
"Sparse_0.5",7791230943,15
"Sparse_0.5",7915174271,15
"Sparse_0.5",5678559983,20
"Sparse_0.5",6091951749,20
"Sparse_0.5",5628728993,20
"Sparse_0.5",5481924434,20
"Sparse_0.5",5520074032,20
"Sparse_0.5",5372678991,20
"Sparse_0.5",5426422529,20
"Sparse_0.5",5521133595,20
"Sparse_0.5",5518570029,20
"Sparse_0.5",6055845755,20
"Sparse_0.5",6486918976,25
"Sparse_0.5",6731002226,25
"Sparse_0.5",6411534039,25
"Sparse_0.5",6302487979,25
"Sparse_0.5",6707886262,25
"Sparse_0.5",6661268360,25
"Sparse_0.5",6320435483,25
"Sparse_0.5",6218548474,25
"Sparse_0.5",6320553686,25
"Sparse_0.5",6187167361,25
"Sparse_0.5",10809016222,30
"Sparse_0.5",10869199097,30
"Sparse_0.5",10835196526,30
"Sparse_0.5",10900223141,30
"Sparse_0.5",10856186927,30
"Sparse_0.5",10844102505,30
"Sparse_0.5",10881644811,30
"Sparse_0.5",10842863034,30
"Sparse_0.5",10836555717,30
"Sparse_0.5",10882514175,30
"Sparse_0.5",5819600803,35
"Sparse_0.5",5918245327,35
"Sparse_0.5",5898673977,35
"Sparse_0.5",5894348928,35
"Sparse_0.5",5930281902,35
"Sparse_0.5",5883654160,35
"Sparse_0.5",5956850599,35
"Sparse_0.5",5846825910,35
"Sparse_0.5",5937422790,35
"Sparse_0.5",5843056165,35
"Sparse_0.5",10009432090,40
"Sparse_0.5",10496427384,40
"Sparse_0.5",10498211950,40
"Sparse_0.5",10527630762,40
"Sparse_0.5",10164187205,40
"Sparse_0.5",10158520677,40
"Sparse_0.5",10810039172,40
"Sparse_0.5",10212310135,40
"Sparse_0.5",10153425402,40
"Sparse_0.5",10174654956,40
"Sparse_0.5",14694652847,45
"Sparse_0.5",14781134188,45
"Sparse_0.5",14862287866,45
"Sparse_0.5",14760969650,45
"Sparse_0.5",15820625351,45
"Sparse_0.5",15442275055,45
"Sparse_0.5",15095573479,45
"Sparse_0.5",15070979342,45
"Sparse_0.5",14849951417,45
"Sparse_0.5",15147528474,45
"Sparse_0.5",17713581985,50
"Sparse_0.5",17535822057,50
"Sparse_0.5",18009745280,50
"Sparse_0.5",17455986939,50
"Sparse_0.5",18030120353,50
"Sparse_0.5",17851084997,50
"Sparse_0.5",17559526002,50
"Sparse_0.5",17896075076,50
"Sparse_0.5",17381640245,50
"Sparse_0.5",17778476088,50
"Sparse_1",17684547548,5
"Sparse_1",17076878061,5
"Sparse_1",16102223150,5
"Sparse_1",15775753106,5
"Sparse_1",15691715447,5
"Sparse_1",15729130981,5
"Sparse_1",15839224673,5
"Sparse_1",15750392187,5
"Sparse_1",16110371736,5
"Sparse_1",15728974443,5
"Sparse_1",13599442520,10
"Sparse_1",13687928023,10
"Sparse_1",13647397719,10
"Sparse_1",13770191612,10
"Sparse_1",13653647513,10
"Sparse_1",13680509401,10
"Sparse_1",13684506655,10
"Sparse_1",13656576881,10
"Sparse_1",13683884193,10
"Sparse_1",13653812866,10
"Sparse_1",18761245227,15
"Sparse_1",18880297624,15
"Sparse_1",18915589522,15
"Sparse_1",18951481045,15
"Sparse_1",18868486713,15
"Sparse_1",18861623067,15
"Sparse_1",18855776016,15
"Sparse_1",18865877186,15
"Sparse_1",18863425386,15
"Sparse_1",18910525079,15
"Sparse_1",9700574047,20
"Sparse_1",9698676444,20
"Sparse_1",9765678275,20
"Sparse_1",9753442153,20
"Sparse_1",9759584568,20
"Sparse_1",9787412293,20
"Sparse_1",9741713160,20
"Sparse_1",10160693472,20
"Sparse_1",9699388163,20
"Sparse_1",9805050411,20
"Sparse_1",20123896340,25
"Sparse_1",20229103857,25
"Sparse_1",20245115546,25
"Sparse_1",20196392007,25
"Sparse_1",20270349611,25
"Sparse_1",20240834449,25
"Sparse_1",20216639734,25
"Sparse_1",20192867196,25
"Sparse_1",20224196936,25
"Sparse_1",20263473091,25
"Sparse_1",15200601293,30
"Sparse_1",15305364206,30
"Sparse_1",15260832589,30
"Sparse_1",15287475332,30
"Sparse_1",15263624279,30
"Sparse_1",15249566281,30
"Sparse_1",15289665019,30
"Sparse_1",15263380452,30
"Sparse_1",15310270102,30
"Sparse_1",15230507800,30
"Sparse_1",14152095009,35
"Sparse_1",14244392282,35
"Sparse_1",14266669058,35
"Sparse_1",14168521454,35
"Sparse_1",14260573424,35
"Sparse_1",14217373692,35
"Sparse_1",14327966846,35
"Sparse_1",14207254277,35
"Sparse_1",14242493326,35
"Sparse_1",14198055353,35
"Sparse_1",10063085879,40
"Sparse_1",10064598779,40
"Sparse_1",10112400023,40
"Sparse_1",10121026259,40
"Sparse_1",10064329409,40
"Sparse_1",10128191009,40
"Sparse_1",10096256929,40
"Sparse_1",10101614850,40
"Sparse_1",10121027776,40
"Sparse_1",10070492160,40
"Sparse_1",14667039798,45
"Sparse_1",14770316051,45
"Sparse_1",15013097592,45
"Sparse_1",14764255144,45
"Sparse_1",14732581373,45
"Sparse_1",14645690278,45
"Sparse_1",14710517797,45
"Sparse_1",14744632954,45
"Sparse_1",14740752263,45
"Sparse_1",14694831156,45
"Sparse_1",16941870309,50
"Sparse_1",17101447639,50
"Sparse_1",17012649388,50
"Sparse_1",17046751179,50
"Sparse_1",17058791608,50
"Sparse_1",17059087300,50
"Sparse_1",17022379631,50
"Sparse_1",17035424970,50
"Sparse_1",17098435000,50
"Sparse_1",17020549268,50
"Stringy_0",9290389465,5
"Stringy_0",9358932117,5
"Stringy_0",9405741284,5
"Stringy_0",9349788912,5
"Stringy_0",9415015402,5
"Stringy_0",9386626059,5
"Stringy_0",9352605202,5
"Stringy_0",9451445870,5
"Stringy_0",9318923251,5
"Stringy_0",9472352098,5
"Stringy_0",10697617869,10
"Stringy_0",10725121612,10
"Stringy_0",10735551315,10
"Stringy_0",10752053241,10
"Stringy_0",10730042350,10
"Stringy_0",10740648968,10
"Stringy_0",10740324822,10
"Stringy_0",10758556907,10
"Stringy_0",10739750986,10
"Stringy_0",10698002818,10
"Stringy_0",9991475935,15
"Stringy_0",10130991801,15
"Stringy_0",10053060846,15
"Stringy_0",10069405742,15
"Stringy_0",10147676218,15
"Stringy_0",10043577792,15
"Stringy_0",10062994449,15
"Stringy_0",10135483105,15
"Stringy_0",10043067383,15
"Stringy_0",10071483335,15
"Stringy_0",9269738011,20
"Stringy_0",9352973177,20
"Stringy_0",9322211246,20
"Stringy_0",9411007283,20
"Stringy_0",9301108833,20
"Stringy_0",9363605912,20
"Stringy_0",9324804824,20
"Stringy_0",9333115442,20
"Stringy_0",9340842917,20
"Stringy_0",9302799304,20
"Stringy_0",11487269833,25
"Stringy_0",11587630617,25
"Stringy_0",11613029789,25
"Stringy_0",11579722414,25
"Stringy_0",11540469383,25
"Stringy_0",11547034754,25
"Stringy_0",11569649616,25
"Stringy_0",11568322733,25
"Stringy_0",11551930441,25
"Stringy_0",11595382569,25
"Stringy_0",13834119550,30
"Stringy_0",13878211934,30
"Stringy_0",13896242791,30
"Stringy_0",13877582010,30
"Stringy_0",13895111560,30
"Stringy_0",13905374352,30
"Stringy_0",13916890145,30
"Stringy_0",13891780474,30
"Stringy_0",13871397816,30
"Stringy_0",13886068887,30
"Stringy_0",6238052748,35
"Stringy_0",6365916414,35
"Stringy_0",6294858248,35
"Stringy_0",6432783437,35
"Stringy_0",6296204319,35
"Stringy_0",6334585936,35
"Stringy_0",6357405183,35
"Stringy_0",6312189317,35
"Stringy_0",6386580250,35
"Stringy_0",6298937379,35
"Stringy_0",8515603117,40
"Stringy_0",8625501198,40
"Stringy_0",8598654808,40
"Stringy_0",8596863846,40
"Stringy_0",8596554419,40
"Stringy_0",8585792780,40
"Stringy_0",8583285302,40
"Stringy_0",8587020853,40
"Stringy_0",8611856193,40
"Stringy_0",8610857515,40
"Stringy_0",9535196816,45
"Stringy_0",9628415154,45
"Stringy_0",9611506180,45
"Stringy_0",9600255698,45
"Stringy_0",9627972887,45
"Stringy_0",9650721040,45
"Stringy_0",9573396229,45
"Stringy_0",9609196855,45
"Stringy_0",9627271254,45
"Stringy_0",9628358205,45
"Stringy_0",10996089546,50
"Stringy_0",11093138719,50
"Stringy_0",11034341931,50
"Stringy_0",11124555953,50
"Stringy_0",11020235430,50
"Stringy_0",11150211662,50
"Stringy_0",11015539208,50
"Stringy_0",11245574833,50
"Stringy_0",11025479289,50
"Stringy_0",11110415258,50
"Stringy_0.5",8053053704,5
"Stringy_0.5",8076202509,5
"Stringy_0.5",8079044055,5
"Stringy_0.5",8081807824,5
"Stringy_0.5",8102917863,5
"Stringy_0.5",8110204793,5
"Stringy_0.5",8109092955,5
"Stringy_0.5",8059582995,5
"Stringy_0.5",8080018707,5
"Stringy_0.5",8076736903,5
"Stringy_0.5",8491269330,10
"Stringy_0.5",8593959201,10
"Stringy_0.5",8592201121,10
"Stringy_0.5",8579111379,10
"Stringy_0.5",8580001161,10
"Stringy_0.5",8590944389,10
"Stringy_0.5",8596564874,10
"Stringy_0.5",8542116833,10
"Stringy_0.5",8594792362,10
"Stringy_0.5",8591348567,10
"Stringy_0.5",7643069612,15
"Stringy_0.5",7675861084,15
"Stringy_0.5",7683779783,15
"Stringy_0.5",7693723677,15
"Stringy_0.5",7684678790,15
"Stringy_0.5",7755344873,15
"Stringy_0.5",7688303108,15
"Stringy_0.5",7723861957,15
"Stringy_0.5",7720797781,15
"Stringy_0.5",7699050274,15
"Stringy_0.5",6445628737,20
"Stringy_0.5",6558971023,20
"Stringy_0.5",6501893406,20
"Stringy_0.5",6525315025,20
"Stringy_0.5",6592938662,20
"Stringy_0.5",6564127511,20
"Stringy_0.5",6537907068,20
"Stringy_0.5",6585992647,20
"Stringy_0.5",6537777754,20
"Stringy_0.5",6529461437,20
"Stringy_0.5",8064881917,25
"Stringy_0.5",8140409944,25
"Stringy_0.5",8143666656,25
"Stringy_0.5",8144353693,25
"Stringy_0.5",8155385440,25
"Stringy_0.5",8147099832,25
"Stringy_0.5",8166147284,25
"Stringy_0.5",8138946408,25
"Stringy_0.5",8142648134,25
"Stringy_0.5",8152380099,25
"Stringy_0.5",11195102972,30
"Stringy_0.5",11423585312,30
"Stringy_0.5",11280603101,30
"Stringy_0.5",11311660970,30
"Stringy_0.5",11253860646,30
"Stringy_0.5",11355537899,30
"Stringy_0.5",11438021822,30
"Stringy_0.5",11321466571,30
"Stringy_0.5",11327826491,30
"Stringy_0.5",11273543885,30
"Stringy_0.5",5875949686,35
"Stringy_0.5",5954515116,35
"Stringy_0.5",5954773908,35
"Stringy_0.5",5953806226,35
"Stringy_0.5",5948764989,35
"Stringy_0.5",5946451851,35
"Stringy_0.5",5981549901,35
"Stringy_0.5",5940368681,35
"Stringy_0.5",5952853755,35
"Stringy_0.5",5938870992,35
"Stringy_0.5",6583281973,40
"Stringy_0.5",6680694160,40
"Stringy_0.5",6644256968,40
"Stringy_0.5",6801022190,40
"Stringy_0.5",6651980015,40
"Stringy_0.5",6698185293,40
"Stringy_0.5",6694808287,40
"Stringy_0.5",6687117671,40
"Stringy_0.5",6710245853,40
"Stringy_0.5",6633032480,40
"Stringy_0.5",7584408493,45
"Stringy_0.5",7703504555,45
"Stringy_0.5",7732054290,45
"Stringy_0.5",7656203839,45
"Stringy_0.5",7680732130,45
"Stringy_0.5",7713298389,45
"Stringy_0.5",7713652465,45
"Stringy_0.5",7673865819,45
"Stringy_0.5",7651338656,45
"Stringy_0.5",7694858885,45
"Stringy_0.5",8761501724,50
"Stringy_0.5",8861049683,50
"Stringy_0.5",8941960723,50
"Stringy_0.5",8908675283,50
"Stringy_0.5",8896790859,50
"Stringy_0.5",8921959037,50
"Stringy_0.5",8927240247,50
"Stringy_0.5",8891941420,50
"Stringy_0.5",8908908491,50
"Stringy_0.5",8897490073,50
"Stringy_1",2797553082,5
"Stringy_1",2779573844,5
"Stringy_1",2850454726,5
"Stringy_1",2873806768,5
"Stringy_1",2776074781,5
"Stringy_1",2813264938,5
"Stringy_1",2892542169,5
"Stringy_1",2799628707,5
"Stringy_1",2807816079,5
"Stringy_1",2853319068,5
"Stringy_1",4582536462,10
"Stringy_1",4622656971,10
"Stringy_1",4627580538,10
"Stringy_1",4645580850,10
"Stringy_1",4628279383,10
"Stringy_1",4631637898,10
"Stringy_1",4572718028,10
"Stringy_1",4698488931,10
"Stringy_1",4699304257,10
"Stringy_1",4640942561,10
"Stringy_1",4738771841,15
"Stringy_1",4812704394,15
"Stringy_1",4770647414,15
"Stringy_1",4815737861,15
"Stringy_1",4807468120,15
"Stringy_1",4801588228,15
"Stringy_1",4762690954,15
"Stringy_1",4847469278,15
"Stringy_1",4831906498,15
"Stringy_1",4827733354,15
"Stringy_1",3345781138,20
"Stringy_1",3365039904,20
"Stringy_1",3377696153,20
"Stringy_1",3393388042,20
"Stringy_1",3392369971,20
"Stringy_1",3419381591,20
"Stringy_1",3403261457,20
"Stringy_1",3390564782,20
"Stringy_1",3385031504,20
"Stringy_1",3378987735,20
"Stringy_1",6971011798,25
"Stringy_1",7112866632,25
"Stringy_1",7033692352,25
"Stringy_1",7061930036,25
"Stringy_1",7075999801,25
"Stringy_1",7073342468,25
"Stringy_1",7082715560,25
"Stringy_1",7068601966,25
"Stringy_1",7132881725,25
"Stringy_1",7033862789,25
"Stringy_1",9418443289,30
"Stringy_1",9481912806,30
"Stringy_1",9436344135,30
"Stringy_1",9447740413,30
"Stringy_1",9436530480,30
"Stringy_1",9449537238,30
"Stringy_1",9467423242,30
"Stringy_1",9469801078,30
"Stringy_1",9449183777,30
"Stringy_1",9439183549,30
"Stringy_1",4290420687,35
"Stringy_1",4367825489,35
"Stringy_1",4370275034,35
"Stringy_1",4366164743,35
"Stringy_1",4403196599,35
"Stringy_1",4365568972,35
"Stringy_1",4379365841,35
"Stringy_1",4384922858,35
"Stringy_1",4341031005,35
"Stringy_1",4360250985,35
"Stringy_1",4359662430,40
"Stringy_1",4438340651,40
"Stringy_1",4440586754,40
"Stringy_1",4506349770,40
"Stringy_1",4443724238,40
"Stringy_1",4445461859,40
"Stringy_1",4433036973,40
"Stringy_1",4441106511,40
"Stringy_1",4442935931,40
"Stringy_1",4568228487,40
"Stringy_1",5994576257,45
"Stringy_1",5763662330,45
"Stringy_1",5813035555,45
"Stringy_1",5700295272,45
"Stringy_1",5768137521,45
"Stringy_1",5796464175,45
"Stringy_1",5720466124,45
"Stringy_1",5769528774,45
"Stringy_1",5778621836,45
"Stringy_1",5716048538,45
"Stringy_1",6294251202,50
"Stringy_1",6364717205,50
"Stringy_1",6375032436,50
"Stringy_1",6390131875,50
"Stringy_1",6353994516,50
"Stringy_1",6416859324,50
"Stringy_1",6331025127,50
"Stringy_1",6488493868,50
"Stringy_1",6431225806,50
"Stringy_1",6701639420,50
"Convex_0",4616471711,5
"Convex_0",4777869318,5
"Convex_0",4663167185,5
"Convex_0",5203136529,5
"Convex_0",5267369917,5
"Convex_0",4819061034,5
"Convex_0",4736836887,5
"Convex_0",4682255965,5
"Convex_0",4720297446,5
"Convex_0",4973433988,5
"Convex_0",20292345209,10
"Convex_0",20185406426,10
"Convex_0",20202906415,10
"Convex_0",20773549048,10
"Convex_0",20990421090,10
"Convex_0",20306753921,10
"Convex_0",20397846409,10
"Convex_0",21412579517,10
"Convex_0",20462961871,10
"Convex_0",19913561297,10
"Convex_0",7381391499,15
"Convex_0",7788201699,15
"Convex_0",7458456616,15
"Convex_0",7663842426,15
"Convex_0",7843804710,15
"Convex_0",7687764532,15
"Convex_0",7661941215,15
"Convex_0",7857961641,15
"Convex_0",7533252957,15
"Convex_0",7530305467,15
"Convex_0",1072771314,20
"Convex_0",1257554542,20
"Convex_0",1377457484,20
"Convex_0",1145122702,20
"Convex_0",1031021588,20
"Convex_0",1105526296,20
"Convex_0",1170045331,20
"Convex_0",1105326954,20
"Convex_0",1090002794,20
"Convex_0",1165175884,20
"Convex_0",8316145128,25
"Convex_0",8128582018,25
"Convex_0",8102101430,25
"Convex_0",8185720069,25
"Convex_0",8318277579,25
"Convex_0",8404183280,25
"Convex_0",8452012691,25
"Convex_0",8717330620,25
"Convex_0",8985225440,25
"Convex_0",8296715064,25
"Convex_0",12756210239,30
"Convex_0",12738382045,30
"Convex_0",12733951872,30
"Convex_0",12751017835,30
"Convex_0",12766437771,30
"Convex_0",12782073941,30
"Convex_0",12768688220,30
"Convex_0",12709674706,30
"Convex_0",12711799572,30
"Convex_0",12741672459,30
"Convex_0",1091783178,35
"Convex_0",1087080355,35
"Convex_0",1120612943,35
"Convex_0",1145000276,35
"Convex_0",1145333073,35
"Convex_0",1097731089,35
"Convex_0",1138285624,35
"Convex_0",1169583425,35
"Convex_0",1092849055,35
"Convex_0",1133227618,35
"Convex_0",3262664954,40
"Convex_0",3377728502,40
"Convex_0",3403867027,40
"Convex_0",3374681300,40
"Convex_0",3335425727,40
"Convex_0",3404444594,40
"Convex_0",3370274005,40
"Convex_0",3380944296,40
"Convex_0",3378283847,40
"Convex_0",3406843750,40
"Convex_0",3434980779,45
"Convex_0",3407859320,45
"Convex_0",3435610703,45
"Convex_0",3442634249,45
"Convex_0",3467459339,45
"Convex_0",3498130168,45
"Convex_0",3530631688,45
"Convex_0",3695642789,45
"Convex_0",3487036101,45
"Convex_0",3447306896,45
"Convex_0",13792179420,50
"Convex_0",13658355748,50
"Convex_0",13605815724,50
"Convex_0",13449679893,50
"Convex_0",13439451664,50
"Convex_0",13711364566,50
"Convex_0",13399947631,50
"Convex_0",13454234624,50
"Convex_0",14072502693,50
"Convex_0",13289775178,50
"Convex_0.5",8472817772,5
"Convex_0.5",8577611517,5
"Convex_0.5",8610376831,5
"Convex_0.5",8586836886,5
"Convex_0.5",8707256182,5
"Convex_0.5",8612240609,5
"Convex_0.5",8502864376,5
"Convex_0.5",8525425405,5
"Convex_0.5",8545134105,5
"Convex_0.5",8571669592,5
"Convex_0.5",8876825950,10
"Convex_0.5",9120566276,10
"Convex_0.5",8990536498,10
"Convex_0.5",9066359766,10
"Convex_0.5",8888300415,10
"Convex_0.5",9161278989,10
"Convex_0.5",8930737465,10
"Convex_0.5",9345182070,10
"Convex_0.5",9129252659,10
"Convex_0.5",9028812704,10
"Convex_0.5",4954499040,15
"Convex_0.5",5017286235,15
"Convex_0.5",5050126497,15
"Convex_0.5",4977221937,15
"Convex_0.5",5058856996,15
"Convex_0.5",4989120014,15
"Convex_0.5",5013413088,15
"Convex_0.5",5073958403,15
"Convex_0.5",4969135507,15
"Convex_0.5",5122585346,15
"Convex_0.5",2293593587,20
"Convex_0.5",2435232146,20
"Convex_0.5",2365959325,20
"Convex_0.5",2376026219,20
"Convex_0.5",2415660509,20
"Convex_0.5",2344921651,20
"Convex_0.5",2399781701,20
"Convex_0.5",2376709853,20
"Convex_0.5",2367725646,20
"Convex_0.5",2442785658,20
"Convex_0.5",3414782334,25
"Convex_0.5",3385024739,25
"Convex_0.5",3381821819,25
"Convex_0.5",3380063657,25
"Convex_0.5",3387759193,25
"Convex_0.5",3413035365,25
"Convex_0.5",3446472054,25
"Convex_0.5",3373069508,25
"Convex_0.5",3362500159,25
"Convex_0.5",3394350968,25
"Convex_0.5",2825799663,30
"Convex_0.5",3298331059,30
"Convex_0.5",2945487888,30
"Convex_0.5",2806401087,30
"Convex_0.5",2913073575,30
"Convex_0.5",2797580962,30
"Convex_0.5",2803454786,30
"Convex_0.5",2880183703,30
"Convex_0.5",2785846188,30
"Convex_0.5",2858083637,30
"Convex_0.5",1872015802,35
"Convex_0.5",1856863883,35
"Convex_0.5",1921116869,35
"Convex_0.5",1909516042,35
"Convex_0.5",1898020380,35
"Convex_0.5",1948495316,35
"Convex_0.5",1875335408,35
"Convex_0.5",1970274352,35
"Convex_0.5",1864144417,35
"Convex_0.5",1949469968,35
"Convex_0.5",1525026242,40
"Convex_0.5",1578100332,40
"Convex_0.5",1628836561,40
"Convex_0.5",1628410284,40
"Convex_0.5",1653171168,40
"Convex_0.5",1779441410,40
"Convex_0.5",1570001151,40
"Convex_0.5",1609449342,40
"Convex_0.5",1655260733,40
"Convex_0.5",1661325781,40
"Convex_0.5",1396021628,45
"Convex_0.5",1427794455,45
"Convex_0.5",1434400006,45
"Convex_0.5",1501894493,45
"Convex_0.5",1577324366,45
"Convex_0.5",1521102296,45
"Convex_0.5",1453920803,45
"Convex_0.5",1457023560,45
"Convex_0.5",1351465165,45
"Convex_0.5",1452830162,45
"Convex_0.5",1041288603,50
"Convex_0.5",1061333995,50
"Convex_0.5",1070723118,50
"Convex_0.5",1108009092,50
"Convex_0.5",1113306989,50
"Convex_0.5",1156283394,50
"Convex_0.5",1014285675,50
"Convex_0.5",1052556674,50
"Convex_0.5",1098966132,50
"Convex_0.5",1092899690,50
"Convex_1",26175629713,5
"Convex_1",25654343782,5
"Convex_1",26452366675,5
"Convex_1",24880603918,5
"Convex_1",24862257361,5
"Convex_1",24817515537,5
"Convex_1",24886579381,5
"Convex_1",25311837695,5
"Convex_1",26313435264,5
"Convex_1",25835645331,5
"Convex_1",27466096144,10
"Convex_1",27408002670,10
"Convex_1",26818599831,10
"Convex_1",27103907228,10
"Convex_1",26480926291,10
"Convex_1",27052067074,10
"Convex_1",28350646093,10
"Convex_1",28254248984,10
"Convex_1",28096442526,10
"Convex_1",26528674686,10
"Convex_1",20283021358,15
"Convex_1",19326358231,15
"Convex_1",19102897489,15
"Convex_1",20396637565,15
"Convex_1",21306673155,15
"Convex_1",21244369104,15
"Convex_1",21089484675,15
"Convex_1",21517075889,15
"Convex_1",20252837117,15
"Convex_1",20707481935,15
"Convex_1",29549585928,20
"Convex_1",29982176108,20
"Convex_1",30119276254,20
"Convex_1",32451288522,20
"Convex_1",30778163597,20
"Convex_1",30519320962,20
"Convex_1",29947886250,20
"Convex_1",30921750189,20
"Convex_1",31627512873,20
"Convex_1",29746008195,20
"Convex_1",22837296430,25
"Convex_1",23029075775,25
"Convex_1",22957240208,25
"Convex_1",22963093573,25
"Convex_1",22953942209,25
"Convex_1",22938151756,25
"Convex_1",22991780248,25
"Convex_1",22949439589,25
"Convex_1",22973686374,25
"Convex_1",22991253439,25
"Convex_1",23180202062,30
"Convex_1",23345722465,30
"Convex_1",23416078711,30
"Convex_1",23369497832,30
"Convex_1",23272954271,30
"Convex_1",23301449968,30
"Convex_1",23299080537,30
"Convex_1",23269086782,30
"Convex_1",23220718467,30
"Convex_1",23244340904,30
"Convex_1",14059139440,35
"Convex_1",14189683891,35
"Convex_1",14147268038,35
"Convex_1",14213918827,35
"Convex_1",14142437705,35
"Convex_1",14182724510,35
"Convex_1",14237957496,35
"Convex_1",14111422189,35
"Convex_1",15440024770,35
"Convex_1",14885782547,35
"Convex_1",13965697324,40
"Convex_1",14263228830,40
"Convex_1",14032660697,40
"Convex_1",14067444277,40
"Convex_1",13945312124,40
"Convex_1",14036872094,40
"Convex_1",14115073321,40
"Convex_1",13920256081,40
"Convex_1",14191417576,40
"Convex_1",13936408974,40
"Convex_1",14939050895,45
"Convex_1",15195724876,45
"Convex_1",15279080418,45
"Convex_1",15381208425,45
"Convex_1",15654908681,45
"Convex_1",15118285019,45
"Convex_1",15199550709,45
"Convex_1",14964217679,45
"Convex_1",15251696887,45
"Convex_1",15179783010,45
"Convex_1",18268345113,50
"Convex_1",19561937097,50
"Convex_1",19433899468,50
"Convex_1",19239838309,50
"Convex_1",18829412032,50
"Convex_1",19650090500,50
"Convex_1",19532907662,50
"Convex_1",19113985037,50
"Convex_1",19900317149,50
"Convex_1",19332831598,50
"Skewed_0",15863106763,5
"Skewed_0",15410204240,5
"Skewed_0",15386029656,5
"Skewed_0",15398967165,5
"Skewed_0",15425626841,5
"Skewed_0",16439608706,5
"Skewed_0",15826543783,5
"Skewed_0",15645869575,5
"Skewed_0",15527947917,5
"Skewed_0",16484921537,5
"Skewed_0",14050559657,10
"Skewed_0",14662986415,10
"Skewed_0",14936102544,10
"Skewed_0",14187302078,10
"Skewed_0",14322764069,10
"Skewed_0",14052463820,10
"Skewed_0",13974602401,10
"Skewed_0",14112165396,10
"Skewed_0",13887204792,10
"Skewed_0",13994722208,10
"Skewed_0",14398089105,15
"Skewed_0",14989983637,15
"Skewed_0",14206921972,15
"Skewed_0",14670245014,15
"Skewed_0",14511561033,15
"Skewed_0",14519643609,15
"Skewed_0",14266693330,15
"Skewed_0",14588956979,15
"Skewed_0",14123761057,15
"Skewed_0",14351935364,15
"Skewed_0",11310041511,20
"Skewed_0",11088047954,20
"Skewed_0",10663893852,20
"Skewed_0",10668161378,20
"Skewed_0",10654395218,20
"Skewed_0",10634238101,20
"Skewed_0",10637822977,20
"Skewed_0",10569856580,20
"Skewed_0",13469324059,20
"Skewed_0",11497181829,20
"Skewed_0",15749188222,25
"Skewed_0",16683540830,25
"Skewed_0",17097949765,25
"Skewed_0",16091378445,25
"Skewed_0",15683698717,25
"Skewed_0",15678880438,25
"Skewed_0",15032402934,25
"Skewed_0",15057558484,25
"Skewed_0",15067693807,25
"Skewed_0",15079277414,25
"Skewed_0",17223181313,30
"Skewed_0",17197721584,30
"Skewed_0",17193417568,30
"Skewed_0",17249874732,30
"Skewed_0",17170547358,30
"Skewed_0",17190133755,30
"Skewed_0",17204334679,30
"Skewed_0",17190856585,30
"Skewed_0",17182013459,30
"Skewed_0",17201407074,30
"Skewed_0",8210994437,35
"Skewed_0",8284046720,35
"Skewed_0",8318701806,35
"Skewed_0",8302496925,35
"Skewed_0",8456272099,35
"Skewed_0",8886030819,35
"Skewed_0",8642987329,35
"Skewed_0",8633735925,35
"Skewed_0",8805382958,35
"Skewed_0",8526120519,35
"Skewed_0",9618793889,40
"Skewed_0",9698132620,40
"Skewed_0",10177709333,40
"Skewed_0",10597810380,40
"Skewed_0",10268258694,40
"Skewed_0",10148760627,40
"Skewed_0",10191648636,40
"Skewed_0",10097007844,40
"Skewed_0",10265962325,40
"Skewed_0",10104871029,40
"Skewed_0",12431254407,45
"Skewed_0",12403163831,45
"Skewed_0",12317769728,45
"Skewed_0",12596478626,45
"Skewed_0",12384854748,45
"Skewed_0",13322576244,45
"Skewed_0",12790999108,45
"Skewed_0",11917652573,45
"Skewed_0",11924979806,45
"Skewed_0",11898062363,45
"Skewed_0",16780960971,50
"Skewed_0",16790178878,50
"Skewed_0",16763147906,50
"Skewed_0",17146880108,50
"Skewed_0",16896174251,50
"Skewed_0",17102618476,50
"Skewed_0",17117894912,50
"Skewed_0",17096263804,50
"Skewed_0",17125484996,50
"Skewed_0",16841538389,50
"Skewed_0.5",5026709183,5
"Skewed_0.5",5145480566,5
"Skewed_0.5",5048074611,5
"Skewed_0.5",5126935815,5
"Skewed_0.5",5098591449,5
"Skewed_0.5",5076118693,5
"Skewed_0.5",5141613036,5
"Skewed_0.5",5030684174,5
"Skewed_0.5",5114804858,5
"Skewed_0.5",5092586712,5
"Skewed_0.5",2709937271,10
"Skewed_0.5",2714679618,10
"Skewed_0.5",2741909276,10
"Skewed_0.5",2790509118,10
"Skewed_0.5",2714665596,10
"Skewed_0.5",2723609705,10
"Skewed_0.5",2776679408,10
"Skewed_0.5",2784159694,10
"Skewed_0.5",2719673295,10
"Skewed_0.5",2743495812,10
"Skewed_0.5",2008777985,15
"Skewed_0.5",2018538732,15
"Skewed_0.5",2100268952,15
"Skewed_0.5",2029628289,15
"Skewed_0.5",2083235092,15
"Skewed_0.5",2078902048,15
"Skewed_0.5",2052735725,15
"Skewed_0.5",2104022461,15
"Skewed_0.5",2025827097,15
"Skewed_0.5",2128206721,15
"Skewed_0.5",1281653768,20
"Skewed_0.5",1339769013,20
"Skewed_0.5",1353833448,20
"Skewed_0.5",1299452934,20
"Skewed_0.5",1355219289,20
"Skewed_0.5",1345013200,20
"Skewed_0.5",1321624750,20
"Skewed_0.5",1369196353,20
"Skewed_0.5",1308429433,20
"Skewed_0.5",1337389250,20
"Skewed_0.5",906312790,25
"Skewed_0.5",917220061,25
"Skewed_0.5",919639143,25
"Skewed_0.5",957209411,25
"Skewed_0.5",985762344,25
"Skewed_0.5",949505880,25
"Skewed_0.5",913556260,25
"Skewed_0.5",948834915,25
"Skewed_0.5",977574521,25
"Skewed_0.5",944017948,25
"Skewed_0.5",1651533341,30
"Skewed_0.5",1732827813,30
"Skewed_0.5",1711153163,30
"Skewed_0.5",1871759634,30
"Skewed_0.5",1726020829,30
"Skewed_0.5",1652318409,30
"Skewed_0.5",1747830861,30
"Skewed_0.5",1679547247,30
"Skewed_0.5",1688494185,30
"Skewed_0.5",1737121825,30
"Skewed_0.5",745591109,35
"Skewed_0.5",777630477,35
"Skewed_0.5",791091064,35
"Skewed_0.5",809751435,35
"Skewed_0.5",788458044,35
"Skewed_0.5",756293667,35
"Skewed_0.5",787956573,35
"Skewed_0.5",789331672,35
"Skewed_0.5",819396234,35
"Skewed_0.5",777455940,35
"Skewed_0.5",907192486,40
"Skewed_0.5",932958977,40
"Skewed_0.5",954928376,40
"Skewed_0.5",963475892,40
"Skewed_0.5",925162909,40
"Skewed_0.5",941710837,40
"Skewed_0.5",961562094,40
"Skewed_0.5",984268427,40
"Skewed_0.5",901024733,40
"Skewed_0.5",934490163,40
"Skewed_0.5",656656410,45
"Skewed_0.5",690668329,45
"Skewed_0.5",695333309,45
"Skewed_0.5",651988888,45
"Skewed_0.5",674411747,45
"Skewed_0.5",695152458,45
"Skewed_0.5",693795194,45
"Skewed_0.5",714527746,45
"Skewed_0.5",716802221,45
"Skewed_0.5",652202867,45
"Skewed_0.5",670626340,50
"Skewed_0.5",692381637,50
"Skewed_0.5",715852948,50
"Skewed_0.5",709138542,50
"Skewed_0.5",738762887,50
"Skewed_0.5",674000271,50
"Skewed_0.5",698053987,50
"Skewed_0.5",705158057,50
"Skewed_0.5",724054793,50
"Skewed_0.5",721349326,50
"Skewed_1",13989577487,5
"Skewed_1",15853367541,5
"Skewed_1",14242839571,5
"Skewed_1",14093862914,5
"Skewed_1",14119206982,5
"Skewed_1",14252343166,5
"Skewed_1",14078370654,5
"Skewed_1",14023039104,5
"Skewed_1",14097953320,5
"Skewed_1",14113999244,5
"Skewed_1",15167651520,10
"Skewed_1",15178919345,10
"Skewed_1",15196336063,10
"Skewed_1",15233305312,10
"Skewed_1",15240080767,10
"Skewed_1",15192440858,10
"Skewed_1",15208286456,10
"Skewed_1",15310850867,10
"Skewed_1",15225644093,10
"Skewed_1",15229403465,10
"Skewed_1",13556664186,15
"Skewed_1",13608597205,15
"Skewed_1",13672108091,15
"Skewed_1",13589815310,15
"Skewed_1",13651944906,15
"Skewed_1",13636822794,15
"Skewed_1",13587679169,15
"Skewed_1",13702310085,15
"Skewed_1",13572506381,15
"Skewed_1",13612052439,15
"Skewed_1",11905691151,20
"Skewed_1",12015899725,20
"Skewed_1",11995624979,20
"Skewed_1",11971381925,20
"Skewed_1",12008052858,20
"Skewed_1",11995009405,20
"Skewed_1",12015421173,20
"Skewed_1",12005481830,20
"Skewed_1",12011133434,20
"Skewed_1",11991347162,20
"Skewed_1",14979157587,25
"Skewed_1",15054519318,25
"Skewed_1",15061253773,25
"Skewed_1",15097382686,25
"Skewed_1",15092495199,25
"Skewed_1",15072812370,25
"Skewed_1",15039002499,25
"Skewed_1",15048372967,25
"Skewed_1",15077730730,25
"Skewed_1",14985710986,25
"Skewed_1",15960925219,30
"Skewed_1",15949499544,30
"Skewed_1",15987972017,30
"Skewed_1",15995730693,30
"Skewed_1",15991237257,30
"Skewed_1",16061470011,30
"Skewed_1",16058685783,30
"Skewed_1",15992942242,30
"Skewed_1",16085065552,30
"Skewed_1",15976674713,30
"Skewed_1",9248872660,35
"Skewed_1",9270836565,35
"Skewed_1",9277507757,35
"Skewed_1",9321878572,35
"Skewed_1",9294707380,35
"Skewed_1",9294050068,35
"Skewed_1",9309619859,35
"Skewed_1",9325706865,35
"Skewed_1",9245051829,35
"Skewed_1",9305674224,35
"Skewed_1",12677749277,40
"Skewed_1",12747739721,40
"Skewed_1",12725444249,40
"Skewed_1",12743207827,40
"Skewed_1",12765825354,40
"Skewed_1",12751756737,40
"Skewed_1",12733107764,40
"Skewed_1",12698179823,40
"Skewed_1",12724732407,40
"Skewed_1",12738306359,40
"Skewed_1",14335729253,45
"Skewed_1",14401649709,45
"Skewed_1",14417974269,45
"Skewed_1",14433396788,45
"Skewed_1",14380465542,45
"Skewed_1",14427095170,45
"Skewed_1",14393248071,45
"Skewed_1",14492464258,45
"Skewed_1",14467326830,45
"Skewed_1",14417688745,45
"Skewed_1",14960867651,50
"Skewed_1",15079750636,50
"Skewed_1",15163151811,50
"Skewed_1",15061069970,50
"Skewed_1",15042804429,50
"Skewed_1",15073685998,50
"Skewed_1",15068960338,50
"Skewed_1",14993006239,50
"Skewed_1",15003684894,50
"Skewed_1",15058105096,50
"Clumpy_0",12234022718,5
"Clumpy_0",12215274238,5
"Clumpy_0",12307684302,5
"Clumpy_0",12286217112,5
"Clumpy_0",12307920339,5
"Clumpy_0",12309683257,5
"Clumpy_0",12216464181,5
"Clumpy_0",12271076755,5
"Clumpy_0",12257630190,5
"Clumpy_0",12284403887,5
"Clumpy_0",10115585518,10
"Clumpy_0",10229792658,10
"Clumpy_0",10150600010,10
"Clumpy_0",10198776937,10
"Clumpy_0",10166049753,10
"Clumpy_0",10155659410,10
"Clumpy_0",10256395877,10
"Clumpy_0",10132861401,10
"Clumpy_0",10184338869,10
"Clumpy_0",10182562667,10
"Clumpy_0",12298464263,15
"Clumpy_0",12297409333,15
"Clumpy_0",12308204141,15
"Clumpy_0",12318388664,15
"Clumpy_0",12352206694,15
"Clumpy_0",12278827928,15
"Clumpy_0",12296153175,15
"Clumpy_0",12302453809,15
"Clumpy_0",12331222115,15
"Clumpy_0",12302108425,15
"Clumpy_0",5308918866,20
"Clumpy_0",5378400049,20
"Clumpy_0",5366414150,20
"Clumpy_0",5355938445,20
"Clumpy_0",5393661807,20
"Clumpy_0",5350006975,20
"Clumpy_0",5351797445,20
"Clumpy_0",5388153252,20
"Clumpy_0",5344737327,20
"Clumpy_0",5368419911,20
"Clumpy_0",12433956430,25
"Clumpy_0",12525396270,25
"Clumpy_0",12531486861,25
"Clumpy_0",12476926685,25
"Clumpy_0",12494345904,25
"Clumpy_0",12503636586,25
"Clumpy_0",12547415812,25
"Clumpy_0",12504799961,25
"Clumpy_0",12540873893,25
"Clumpy_0",12533871011,25
"Clumpy_0",18537303555,30
"Clumpy_0",18577126240,30
"Clumpy_0",18608606409,30
"Clumpy_0",18565859522,30
"Clumpy_0",18599074811,30
"Clumpy_0",18603337827,30
"Clumpy_0",18544321402,30
"Clumpy_0",18559305221,30
"Clumpy_0",18585227676,30
"Clumpy_0",18559093251,30
"Clumpy_0",8495118164,35
"Clumpy_0",8629652284,35
"Clumpy_0",8580410382,35
"Clumpy_0",8581664244,35
"Clumpy_0",8583462504,35
"Clumpy_0",8525732864,35
"Clumpy_0",8533813636,35
"Clumpy_0",8559377423,35
"Clumpy_0",8573510984,35
"Clumpy_0",8576544738,35
"Clumpy_0",8835436122,40
"Clumpy_0",8842590335,40
"Clumpy_0",8852428613,40
"Clumpy_0",8841449551,40
"Clumpy_0",9058063580,40
"Clumpy_0",9115622783,40
"Clumpy_0",8870471401,40
"Clumpy_0",8873444721,40
"Clumpy_0",8848640500,40
"Clumpy_0",8857857054,40
"Clumpy_0",9426891257,45
"Clumpy_0",9532654857,45
"Clumpy_0",9524880027,45
"Clumpy_0",9474611813,45
"Clumpy_0",9496449766,45
"Clumpy_0",9513881408,45
"Clumpy_0",9523647157,45
"Clumpy_0",9481475172,45
"Clumpy_0",9489575624,45
"Clumpy_0",9528613487,45
"Clumpy_0",11010428558,50
"Clumpy_0",11029609752,50
"Clumpy_0",11076760490,50
"Clumpy_0",11027808458,50
"Clumpy_0",11084100310,50
"Clumpy_0",11003144539,50
"Clumpy_0",11104503345,50
"Clumpy_0",10990273163,50
"Clumpy_0",11104324913,50
"Clumpy_0",11002625971,50
"Clumpy_0.5",6246876030,5
"Clumpy_0.5",6301465808,5
"Clumpy_0.5",6382457003,5
"Clumpy_0.5",6320533842,5
"Clumpy_0.5",6306713685,5
"Clumpy_0.5",6303300763,5
"Clumpy_0.5",6359704627,5
"Clumpy_0.5",6328089035,5
"Clumpy_0.5",6271883119,5
"Clumpy_0.5",6300307066,5
"Clumpy_0.5",6669144829,10
"Clumpy_0.5",6941657315,10
"Clumpy_0.5",6737000567,10
"Clumpy_0.5",6753878627,10
"Clumpy_0.5",6753009837,10
"Clumpy_0.5",6769020255,10
"Clumpy_0.5",6787957294,10
"Clumpy_0.5",6748901924,10
"Clumpy_0.5",6719272946,10
"Clumpy_0.5",6711578476,10
"Clumpy_0.5",1609104901,15
"Clumpy_0.5",1586871913,15
"Clumpy_0.5",1689650631,15
"Clumpy_0.5",1597631461,15
"Clumpy_0.5",1672205418,15
"Clumpy_0.5",1619011403,15
"Clumpy_0.5",1645820688,15
"Clumpy_0.5",1643972941,15
"Clumpy_0.5",1628644476,15
"Clumpy_0.5",1667738386,15
"Clumpy_0.5",1546697981,20
"Clumpy_0.5",1608477478,20
"Clumpy_0.5",1565033837,20
"Clumpy_0.5",1602293243,20
"Clumpy_0.5",1593868071,20
"Clumpy_0.5",1573298617,20
"Clumpy_0.5",1628804540,20
"Clumpy_0.5",1551588871,20
"Clumpy_0.5",1605254140,20
"Clumpy_0.5",1589077549,20
"Clumpy_0.5",6506453262,25
"Clumpy_0.5",6568481916,25
"Clumpy_0.5",6542637976,25
"Clumpy_0.5",6614018730,25
"Clumpy_0.5",6525638023,25
"Clumpy_0.5",6596086150,25
"Clumpy_0.5",6524970256,25
"Clumpy_0.5",6597873340,25
"Clumpy_0.5",6619294118,25
"Clumpy_0.5",6610070307,25
"Clumpy_0.5",8342310180,30
"Clumpy_0.5",8411692307,30
"Clumpy_0.5",8420193370,30
"Clumpy_0.5",8408763021,30
"Clumpy_0.5",8396674171,30
"Clumpy_0.5",8410274814,30
"Clumpy_0.5",8439947539,30
"Clumpy_0.5",8410239800,30
"Clumpy_0.5",8419410434,30
"Clumpy_0.5",8428013259,30
"Clumpy_0.5",2680497549,35
"Clumpy_0.5",2652436698,35
"Clumpy_0.5",2706202212,35
"Clumpy_0.5",2743079375,35
"Clumpy_0.5",2682212825,35
"Clumpy_0.5",2673604178,35
"Clumpy_0.5",2712175133,35
"Clumpy_0.5",2706821148,35
"Clumpy_0.5",2663419245,35
"Clumpy_0.5",2699384855,35
"Clumpy_0.5",1197327223,40
"Clumpy_0.5",1242716683,40
"Clumpy_0.5",1218644517,40
"Clumpy_0.5",1230556698,40
"Clumpy_0.5",1262604184,40
"Clumpy_0.5",1249188697,40
"Clumpy_0.5",1219688705,40
"Clumpy_0.5",1259173099,40
"Clumpy_0.5",1270882084,40
"Clumpy_0.5",1208316822,40
"Clumpy_0.5",1185527218,45
"Clumpy_0.5",1223561975,45
"Clumpy_0.5",1190650168,45
"Clumpy_0.5",1224891277,45
"Clumpy_0.5",1252492231,45
"Clumpy_0.5",1212757901,45
"Clumpy_0.5",1205882406,45
"Clumpy_0.5",1251073344,45
"Clumpy_0.5",1252919574,45
"Clumpy_0.5",1192269381,45
"Clumpy_0.5",2159255365,50
"Clumpy_0.5",2175116666,50
"Clumpy_0.5",2207525567,50
"Clumpy_0.5",2201384546,50
"Clumpy_0.5",2218777033,50
"Clumpy_0.5",2203821299,50
"Clumpy_0.5",2215077644,50
"Clumpy_0.5",2205312961,50
"Clumpy_0.5",2224709036,50
"Clumpy_0.5",2210843943,50
"Clumpy_1",20926649895,5
"Clumpy_1",20818212767,5
"Clumpy_1",20881034361,5
"Clumpy_1",20866886901,5
"Clumpy_1",20752014249,5
"Clumpy_1",20871804646,5
"Clumpy_1",20945187102,5
"Clumpy_1",20848395778,5
"Clumpy_1",20886016722,5
"Clumpy_1",20848824638,5
"Clumpy_1",30312225698,10
"Clumpy_1",30347887006,10
"Clumpy_1",30338066891,10
"Clumpy_1",30369639310,10
"Clumpy_1",30362013802,10
"Clumpy_1",30325641964,10
"Clumpy_1",30343752648,10
"Clumpy_1",30378904121,10
"Clumpy_1",30337754020,10
"Clumpy_1",30346585625,10
"Clumpy_1",36026118087,15
"Clumpy_1",36093479406,15
"Clumpy_1",35987944094,15
"Clumpy_1",35986772970,15
"Clumpy_1",36031827419,15
"Clumpy_1",36127552005,15
"Clumpy_1",36006153588,15
"Clumpy_1",36088210414,15
"Clumpy_1",36097813926,15
"Clumpy_1",36174398400,15
"Clumpy_1",32573455648,20
"Clumpy_1",32665018693,20
"Clumpy_1",32537283603,20
"Clumpy_1",32525790852,20
"Clumpy_1",32608954268,20
"Clumpy_1",32544961427,20
"Clumpy_1",32566563753,20
"Clumpy_1",32611943783,20
"Clumpy_1",32529917461,20
"Clumpy_1",32584446846,20
"Clumpy_1",27054642448,25
"Clumpy_1",26996888741,25
"Clumpy_1",27080841161,25
"Clumpy_1",27177131752,25
"Clumpy_1",27083666020,25
"Clumpy_1",27055034613,25
"Clumpy_1",27318945299,25
"Clumpy_1",27163371168,25
"Clumpy_1",26980122529,25
"Clumpy_1",27059145437,25
"Clumpy_1",37308749541,30
"Clumpy_1",37314388763,30
"Clumpy_1",37302020416,30
"Clumpy_1",37358432972,30
"Clumpy_1",37391822511,30
"Clumpy_1",37345513913,30
"Clumpy_1",37334342684,30
"Clumpy_1",37317734896,30
"Clumpy_1",37381852418,30
"Clumpy_1",37340833804,30
"Clumpy_1",27692379367,35
"Clumpy_1",27801922306,35
"Clumpy_1",27828720603,35
"Clumpy_1",27825472132,35
"Clumpy_1",28577816556,35
"Clumpy_1",29259655576,35
"Clumpy_1",28982932349,35
"Clumpy_1",28060150638,35
"Clumpy_1",28988615769,35
"Clumpy_1",28650069011,35
"Clumpy_1",23006155832,40
"Clumpy_1",23043491006,40
"Clumpy_1",22983769586,40
"Clumpy_1",23120362644,40
"Clumpy_1",23205255932,40
"Clumpy_1",22917488535,40
"Clumpy_1",23459979994,40
"Clumpy_1",22774017317,40
"Clumpy_1",22623101032,40
"Clumpy_1",23935001894,40
"Clumpy_1",21046432543,45
"Clumpy_1",21193964401,45
"Clumpy_1",19831692538,45
"Clumpy_1",19624741553,45
"Clumpy_1",19614370767,45
"Clumpy_1",19779053376,45
"Clumpy_1",19465863437,45
"Clumpy_1",19778378516,45
"Clumpy_1",20215189400,45
"Clumpy_1",21092057015,45
"Clumpy_1",19403447907,50
"Clumpy_1",18626226938,50
"Clumpy_1",18855065527,50
"Clumpy_1",18560397830,50
"Clumpy_1",22605840360,50
"Clumpy_1",19153111460,50
"Clumpy_1",18875575326,50
"Clumpy_1",18707424568,50
"Clumpy_1",18620174887,50
"Clumpy_1",18519886591,50
"Striated_0",12408691,5
"Striated_0",13149479,5
"Striated_0",14055292,5
"Striated_0",12019519,5
"Striated_0",13127462,5
"Striated_0",11965932,5
"Striated_0",12065070,5
"Striated_0",13628113,5
"Striated_0",13566941,5
"Striated_0",13441030,5
"Striated_0",10457911,10
"Striated_0",10141227,10
"Striated_0",10339544,10
"Striated_0",11742974,10
"Striated_0",10128066,10
"Striated_0",10225892,10
"Striated_0",11309809,10
"Striated_0",10112035,10
"Striated_0",10257380,10
"Striated_0",34678538,10
"Striated_0",6913584,15
"Striated_0",6678326,15
"Striated_0",7040397,15
"Striated_0",7155156,15
"Striated_0",8057238,15
"Striated_0",6511046,15
"Striated_0",6592349,15
"Striated_0",6543723,15
"Striated_0",6664222,15
"Striated_0",7803981,15
"Striated_0",6357173,20
"Striated_0",6299568,20
"Striated_0",6625559,20
"Striated_0",6646346,20
"Striated_0",6730150,20
"Striated_0",7437933,20
"Striated_0",6103752,20
"Striated_0",6120931,20
"Striated_0",6093830,20
"Striated_0",6133190,20
"Striated_0",15282504,25
"Striated_0",15131870,25
"Striated_0",16543295,25
"Striated_0",15361101,25
"Striated_0",16463427,25
"Striated_0",15122768,25
"Striated_0",16500573,25
"Striated_0",15036217,25
"Striated_0",16405576,25
"Striated_0",14978735,25
"Striated_0",5921302,30
"Striated_0",5714949,30
"Striated_0",5949674,30
"Striated_0",6139053,30
"Striated_0",6072838,30
"Striated_0",6718629,30
"Striated_0",7272416,30
"Striated_0",5685757,30
"Striated_0",5710275,30
"Striated_0",5733358,30
"Striated_0",1144925,35
"Striated_0",855875,35
"Striated_0",832710,35
"Striated_0",826027,35
"Striated_0",824674,35
"Striated_0",831603,35
"Striated_0",811226,35
"Striated_0",799746,35
"Striated_0",859524,35
"Striated_0",811882,35
"Striated_0",15846541,40
"Striated_0",16316565,40
"Striated_0",16670518,40
"Striated_0",15095831,40
"Striated_0",16299304,40
"Striated_0",15026705,40
"Striated_0",16213532,40
"Striated_0",15014979,40
"Striated_0",16294671,40
"Striated_0",14976439,40
"Striated_0",8433454,45
"Striated_0",8151251,45
"Striated_0",8104552,45
"Striated_0",8277203,45
"Striated_0",9322826,45
"Striated_0",8191595,45
"Striated_0",8133703,45
"Striated_0",8191267,45
"Striated_0",9371001,45
"Striated_0",8176548,45
"Striated_0",2638924,50
"Striated_0",2392883,50
"Striated_0",2279969,50
"Striated_0",2290055,50
"Striated_0",2374925,50
"Striated_0",2313835,50
"Striated_0",2378533,50
"Striated_0",2375253,50
"Striated_0",2362707,50
"Striated_0",2389562,50
"Striated_0.5",5244502413,5
"Striated_0.5",5410701366,5
"Striated_0.5",5275361883,5
"Striated_0.5",5347719011,5
"Striated_0.5",5357583857,5
"Striated_0.5",5264910286,5
"Striated_0.5",5366424154,5
"Striated_0.5",5338036410,5
"Striated_0.5",5306303722,5
"Striated_0.5",5355032919,5
"Striated_0.5",4518667687,10
"Striated_0.5",4540799774,10
"Striated_0.5",4559053425,10
"Striated_0.5",4809067243,10
"Striated_0.5",4601743486,10
"Striated_0.5",4523356324,10
"Striated_0.5",4554161674,10
"Striated_0.5",4547321972,10
"Striated_0.5",4569306582,10
"Striated_0.5",4600048177,10
"Striated_0.5",4099806316,15
"Striated_0.5",4146038572,15
"Striated_0.5",4161903522,15
"Striated_0.5",4151829699,15
"Striated_0.5",4156712184,15
"Striated_0.5",4156303455,15
"Striated_0.5",4159587514,15
"Striated_0.5",4159735483,15
"Striated_0.5",4161119151,15
"Striated_0.5",4168957203,15
"Striated_0.5",5699354445,20
"Striated_0.5",5804410795,20
"Striated_0.5",5725619988,20
"Striated_0.5",5812925716,20
"Striated_0.5",5707914835,20
"Striated_0.5",5869816086,20
"Striated_0.5",5795645938,20
"Striated_0.5",6033883818,20
"Striated_0.5",5862374627,20
"Striated_0.5",5812753434,20
"Striated_0.5",2688360693,25
"Striated_0.5",2765233233,25
"Striated_0.5",2792270396,25
"Striated_0.5",2726338788,25
"Striated_0.5",2754754617,25
"Striated_0.5",2806957498,25
"Striated_0.5",2716229049,25
"Striated_0.5",2751464203,25
"Striated_0.5",2806478413,25
"Striated_0.5",2710814261,25
"Striated_0.5",5623688740,30
"Striated_0.5",5649864370,30
"Striated_0.5",5721068168,30
"Striated_0.5",5646430497,30
"Striated_0.5",5676227411,30
"Striated_0.5",5825908653,30
"Striated_0.5",5724614832,30
"Striated_0.5",5744138663,30
"Striated_0.5",5720573749,30
"Striated_0.5",5731104312,30
"Striated_0.5",4637934596,35
"Striated_0.5",5041832976,35
"Striated_0.5",4811381939,35
"Striated_0.5",4830012339,35
"Striated_0.5",4701278858,35
"Striated_0.5",4689968475,35
"Striated_0.5",4691647876,35
"Striated_0.5",4652587996,35
"Striated_0.5",4668057993,35
"Striated_0.5",4665395986,35
"Striated_0.5",1521423367,40
"Striated_0.5",1556182880,40
"Striated_0.5",1573515343,40
"Striated_0.5",1618357371,40
"Striated_0.5",1553032481,40
"Striated_0.5",1595221973,40
"Striated_0.5",1639632066,40
"Striated_0.5",1537056872,40
"Striated_0.5",1629006834,40
"Striated_0.5",1654359594,40
"Striated_0.5",7431479395,45
"Striated_0.5",7475622988,45
"Striated_0.5",7527827386,45
"Striated_0.5",7775527820,45
"Striated_0.5",7612467171,45
"Striated_0.5",7442297614,45
"Striated_0.5",7471601790,45
"Striated_0.5",7626778754,45
"Striated_0.5",7469827556,45
"Striated_0.5",7530470164,45
"Striated_0.5",1787699302,50
"Striated_0.5",1804530909,50
"Striated_0.5",1849845872,50
"Striated_0.5",1871652460,50
"Striated_0.5",1793129916,50
"Striated_0.5",1864585741,50
"Striated_0.5",1827541380,50
"Striated_0.5",1858940328,50
"Striated_0.5",1882968706,50
"Striated_0.5",1791856046,50
"Striated_1",12199817771,5
"Striated_1",12292061457,5
"Striated_1",12580970048,5
"Striated_1",12407943406,5
"Striated_1",12630056232,5
"Striated_1",12339199362,5
"Striated_1",12342347014,5
"Striated_1",12563859887,5
"Striated_1",12508022397,5
"Striated_1",12386917663,5
"Striated_1",13874779578,10
"Striated_1",13964720212,10
"Striated_1",13897900052,10
"Striated_1",13976587375,10
"Striated_1",13897821127,10
"Striated_1",13983420353,10
"Striated_1",13943562613,10
"Striated_1",13994403474,10
"Striated_1",13923409104,10
"Striated_1",14005337641,10
"Striated_1",13721274389,15
"Striated_1",13889584883,15
"Striated_1",13746521410,15
"Striated_1",13859512039,15
"Striated_1",13744194127,15
"Striated_1",13826203639,15
"Striated_1",13724658201,15
"Striated_1",13800265563,15
"Striated_1",13844719239,15
"Striated_1",13807080296,15
"Striated_1",11177027630,20
"Striated_1",11290375861,20
"Striated_1",11347359301,20
"Striated_1",11328343706,20
"Striated_1",11355960978,20
"Striated_1",11267748289,20
"Striated_1",11318986481,20
"Striated_1",11342927078,20
"Striated_1",11370712327,20
"Striated_1",11346615848,20
"Striated_1",14753453940,25
"Striated_1",14791010309,25
"Striated_1",14860563037,25
"Striated_1",14788368761,25
"Striated_1",14754844209,25
"Striated_1",14941964519,25
"Striated_1",14803205759,25
"Striated_1",14801336159,25
"Striated_1",14608228742,25
"Striated_1",14731677118,25
"Striated_1",16444374874,30
"Striated_1",16584813281,30
"Striated_1",16603938961,30
"Striated_1",16783121466,30
"Striated_1",16722962863,30
"Striated_1",16622740290,30
"Striated_1",17049193139,30
"Striated_1",18154622962,30
"Striated_1",16967368988,30
"Striated_1",16578985623,30
"Striated_1",9354293172,35
"Striated_1",9409927671,35
"Striated_1",9486239741,35
"Striated_1",9387582753,35
"Striated_1",9590578919,35
"Striated_1",10235868735,35
"Striated_1",9691448800,35
"Striated_1",9571425031,35
"Striated_1",9503746331,35
"Striated_1",9492927005,35
"Striated_1",11075652670,40
"Striated_1",11099209671,40
"Striated_1",11311780280,40
"Striated_1",11128268380,40
"Striated_1",11156376586,40
"Striated_1",11104603467,40
"Striated_1",11106692212,40
"Striated_1",11155751336,40
"Striated_1",11121558484,40
"Striated_1",11148065517,40
"Striated_1",12449704038,45
"Striated_1",12488200824,45
"Striated_1",12644316975,45
"Striated_1",12559165510,45
"Striated_1",12555912570,45
"Striated_1",12541786061,45
"Striated_1",12555859680,45
"Striated_1",12480880397,45
"Striated_1",12520258601,45
"Striated_1",12585572216,45
"Striated_1",15149035716,50
"Striated_1",15167524543,50
"Striated_1",15190140020,50
"Striated_1",15340963481,50
"Striated_1",16456049747,50
"Striated_1",15410698167,50
"Striated_1",15394383119,50
"Striated_1",15603982335,50
"Striated_1",15620148471,50
"Striated_1",15380306384,50
"Outlying_0",6930353,5
"Outlying_0",6546388,5
"Outlying_0",7068154,5
"Outlying_0",7136911,5
"Outlying_0",8252603,5
"Outlying_0",6391736,5
"Outlying_0",6601984,5
"Outlying_0",6329498,5
"Outlying_0",6727116,5
"Outlying_0",8112957,5
"Outlying_0",4185280,10
"Outlying_0",3703653,10
"Outlying_0",3675732,10
"Outlying_0",3611444,10
"Outlying_0",3875361,10
"Outlying_0",4362810,10
"Outlying_0",3749081,10
"Outlying_0",4046372,10
"Outlying_0",4908233,10
"Outlying_0",3646376,10
"Outlying_0",2783695,15
"Outlying_0",2619203,15
"Outlying_0",2418549,15
"Outlying_0",2520721,15
"Outlying_0",2745688,15
"Outlying_0",2541918,15
"Outlying_0",2604443,15
"Outlying_0",3191030,15
"Outlying_0",2606575,15
"Outlying_0",2941422,15
"Outlying_0",2378943,20
"Outlying_0",2240199,20
"Outlying_0",1929296,20
"Outlying_0",1744878,20
"Outlying_0",1900596,20
"Outlying_0",1665092,20
"Outlying_0",1609701,20
"Outlying_0",1571530,20
"Outlying_0",1568332,20
"Outlying_0",1811011,20
"Outlying_0",1854594,25
"Outlying_0",1392688,25
"Outlying_0",1587110,25
"Outlying_0",1378379,25
"Outlying_0",1284079,25
"Outlying_0",1519009,25
"Outlying_0",1443733,25
"Outlying_0",1439182,25
"Outlying_0",1291705,25
"Outlying_0",1536762,25
"Outlying_0",1876611,30
"Outlying_0",1355952,30
"Outlying_0",1579115,30
"Outlying_0",1429342,30
"Outlying_0",1377846,30
"Outlying_0",1368949,30
"Outlying_0",1349802,30
"Outlying_0",1344308,30
"Outlying_0",1331475,30
"Outlying_0",1342791,30
"Outlying_0",937096,35
"Outlying_0",557272,35
"Outlying_0",497535,35
"Outlying_0",480397,35
"Outlying_0",455510,35
"Outlying_0",465432,35
"Outlying_0",469122,35
"Outlying_0",443579,35
"Outlying_0",433329,35
"Outlying_0",451328,35
"Outlying_0",1661156,40
"Outlying_0",1547996,40
"Outlying_0",1331065,40
"Outlying_0",1321635,40
"Outlying_0",1295477,40
"Outlying_0",1617122,40
"Outlying_0",1433237,40
"Outlying_0",1401257,40
"Outlying_0",1330245,40
"Outlying_0",1386210,40
"Outlying_0",726684,45
"Outlying_0",502660,45
"Outlying_0",478470,45
"Outlying_0",477404,45
"Outlying_0",468261,45
"Outlying_0",463300,45
"Outlying_0",463177,45
"Outlying_0",461250,45
"Outlying_0",464407,45
"Outlying_0",464817,45
"Outlying_0",794047,50
"Outlying_0",518322,50
"Outlying_0",513648,50
"Outlying_0",526235,50
"Outlying_0",664938,50
"Outlying_0",689005,50
"Outlying_0",585726,50
"Outlying_0",524595,50
"Outlying_0",510040,50
"Outlying_0",500364,50
"Outlying_0.5",8199324402,5
"Outlying_0.5",8476340820,5
"Outlying_0.5",8657331302,5
"Outlying_0.5",8350077917,5
"Outlying_0.5",8381165347,5
"Outlying_0.5",8529410687,5
"Outlying_0.5",8451342751,5
"Outlying_0.5",8312469027,5
"Outlying_0.5",8446343416,5
"Outlying_0.5",8429992329,5
"Outlying_0.5",7125915620,10
"Outlying_0.5",7164777224,10
"Outlying_0.5",7275299776,10
"Outlying_0.5",7201836714,10
"Outlying_0.5",7199463101,10
"Outlying_0.5",7183867275,10
"Outlying_0.5",7523097790,10
"Outlying_0.5",7284923296,10
"Outlying_0.5",7055069875,10
"Outlying_0.5",7052467687,10
"Outlying_0.5",2763305536,15
"Outlying_0.5",2852030930,15
"Outlying_0.5",2796119599,15
"Outlying_0.5",2831815183,15
"Outlying_0.5",2852767905,15
"Outlying_0.5",2772467396,15
"Outlying_0.5",2831734413,15
"Outlying_0.5",3072274525,15
"Outlying_0.5",2801710974,15
"Outlying_0.5",2834389491,15
"Outlying_0.5",2545737888,20
"Outlying_0.5",2503942570,20
"Outlying_0.5",2561361102,20
"Outlying_0.5",2545284510,20
"Outlying_0.5",2551814211,20
"Outlying_0.5",2633979441,20
"Outlying_0.5",2567529511,20
"Outlying_0.5",2648688314,20
"Outlying_0.5",2619335717,20
"Outlying_0.5",2555033777,20
"Outlying_0.5",4595325428,25
"Outlying_0.5",4549597144,25
"Outlying_0.5",4562302470,25
"Outlying_0.5",4611908247,25
"Outlying_0.5",4704696905,25
"Outlying_0.5",4583583397,25
"Outlying_0.5",4527765792,25
"Outlying_0.5",4611276068,25
"Outlying_0.5",4664343598,25
"Outlying_0.5",4642617862,25
"Outlying_0.5",26529810140,30
"Outlying_0.5",26120559907,30
"Outlying_0.5",26124525960,30
"Outlying_0.5",26200721303,30
"Outlying_0.5",26802763950,30
"Outlying_0.5",25921483177,30
"Outlying_0.5",26266156319,30
"Outlying_0.5",26187034888,30
"Outlying_0.5",26294231233,30
"Outlying_0.5",25930502152,30
"Outlying_0.5",3781444432,35
"Outlying_0.5",3813427671,35
"Outlying_0.5",3876948397,35
"Outlying_0.5",3966455251,35
"Outlying_0.5",3886924435,35
"Outlying_0.5",3874974903,35
"Outlying_0.5",3880207897,35
"Outlying_0.5",3860635973,35
"Outlying_0.5",3938597842,35
"Outlying_0.5",3861768188,35
"Outlying_0.5",4764051990,40
"Outlying_0.5",4786724867,40
"Outlying_0.5",4784284137,40
"Outlying_0.5",4792048799,40
"Outlying_0.5",4813647968,40
"Outlying_0.5",4839516426,40
"Outlying_0.5",4829039532,40
"Outlying_0.5",4837692500,40
"Outlying_0.5",4979707070,40
"Outlying_0.5",4874892825,40
"Outlying_0.5",2593098259,45
"Outlying_0.5",2730883474,45
"Outlying_0.5",2592616919,45
"Outlying_0.5",2695293957,45
"Outlying_0.5",2598051346,45
"Outlying_0.5",2655817722,45
"Outlying_0.5",2627567328,45
"Outlying_0.5",2638103631,45
"Outlying_0.5",2654311136,45
"Outlying_0.5",2598945146,45
"Outlying_0.5",2507389522,50
"Outlying_0.5",2554000987,50
"Outlying_0.5",2590241625,50
"Outlying_0.5",2610772908,50
"Outlying_0.5",2599883718,50
"Outlying_0.5",2589303955,50
"Outlying_0.5",2610649006,50
"Outlying_0.5",2573032449,50
"Outlying_0.5",2589162218,50
"Outlying_0.5",2577096697,50
"Outlying_1",18878040779,5
"Outlying_1",18837445654,5
"Outlying_1",18853777184,5
"Outlying_1",18927980214,5
"Outlying_1",19053844925,5
"Outlying_1",18862332449,5
"Outlying_1",18916308703,5
"Outlying_1",19304324216,5
"Outlying_1",18815815038,5
"Outlying_1",19012469693,5
"Outlying_1",23922554581,10
"Outlying_1",24304168026,10
"Outlying_1",24577184894,10
"Outlying_1",24416223322,10
"Outlying_1",23864285914,10
"Outlying_1",24196687633,10
"Outlying_1",24348893368,10
"Outlying_1",24027647093,10
"Outlying_1",24493542024,10
"Outlying_1",24072714539,10
"Outlying_1",17222409078,15
"Outlying_1",17563490661,15
"Outlying_1",19033909946,15
"Outlying_1",18254738361,15
"Outlying_1",17322329850,15
"Outlying_1",17298863910,15
"Outlying_1",20194715804,15
"Outlying_1",17309278812,15
"Outlying_1",17294912699,15
"Outlying_1",17269910161,15
"Outlying_1",29603925278,20
"Outlying_1",29649486938,20
"Outlying_1",29165686856,20
"Outlying_1",28867286970,20
"Outlying_1",28715208540,20
"Outlying_1",28633446709,20
"Outlying_1",28590404376,20
"Outlying_1",28595807520,20
"Outlying_1",28580785612,20
"Outlying_1",28549902403,20
"Outlying_1",15756851245,25
"Outlying_1",15811192727,25
"Outlying_1",16276787661,25
"Outlying_1",16023870592,25
"Outlying_1",16060919053,25
"Outlying_1",15978265759,25
"Outlying_1",16015908638,25
"Outlying_1",16377254348,25
"Outlying_1",16375801513,25
"Outlying_1",16875957151,25
"Outlying_1",64901216992,30
"Outlying_1",62619974983,30
"Outlying_1",63329184332,30
"Outlying_1",64872580747,30
"Outlying_1",64310855696,30
"Outlying_1",63159325022,30
"Outlying_1",61845003397,30
"Outlying_1",61760862705,30
"Outlying_1",63372813375,30
"Outlying_1",61600742166,30
"Outlying_1",12566131902,35
"Outlying_1",12577561103,35
"Outlying_1",12557458434,35
"Outlying_1",12605074850,35
"Outlying_1",12728875867,35
"Outlying_1",12644938699,35
"Outlying_1",12830835733,35
"Outlying_1",12827362377,35
"Outlying_1",12763094098,35
"Outlying_1",12759075237,35
"Outlying_1",8140954178,40
"Outlying_1",8153297556,40
"Outlying_1",8367239656,40
"Outlying_1",8253184872,40
"Outlying_1",8541702241,40
"Outlying_1",8091711005,40
"Outlying_1",8100815670,40
"Outlying_1",8121226413,40
"Outlying_1",8129213828,40
"Outlying_1",8187246499,40
"Outlying_1",18473776925,45
"Outlying_1",18516533652,45
"Outlying_1",18483501018,45
"Outlying_1",18372440669,45
"Outlying_1",18271758281,45
"Outlying_1",18268061803,45
"Outlying_1",18396777367,45
"Outlying_1",18328583912,45
"Outlying_1",18408071965,45
"Outlying_1",18363937310,45
"Outlying_1",20838967746,50
"Outlying_1",21153990180,50
"Outlying_1",20829584035,50
"Outlying_1",21554223939,50
"Outlying_1",22129764596,50
"Outlying_1",21564485501,50
"Outlying_1",21317534916,50
"Outlying_1",21564112114,50
"Outlying_1",21752048898,50
"Outlying_1",21398874447,50
